"Name","Agent","State","Notes","User","Tags","Created","Runtime","Sweep","batch_size","command","dropout_rate","learning_rate","method","metric.goal","metric.name","name","optimizer","parameters.batch_sizes","parameters.dropout_rate.distribution","parameters.dropout_rate.max","parameters.dropout_rate.min","parameters.learning_rate.distribution","parameters.learning_rate.max","parameters.learning_rate.min","parameters.optimizers","parameters.weight_decay.distribution","parameters.weight_decay.max","parameters.weight_decay.min","program","weight_decay","avg_loss","loss","test.accuracy","test.f1","test.precision","test.recall","test_accuracy","test_f1","test_precision","test_recall","train.avg_loss","train.loss","val.acc","val.f1","val.f1-score","val.loss","val.precision","val.recall"
"jumping-sweep-77","","finished","Propaganda classification with BERT","","","2024-05-15T22:10:20.000Z","56","3ofmtlxo","64","","0.21805207641171093","0.02237392149283852","","","","","SGD","","","","","","","","","","","","","0.009164499198001509","0.27532332284109934","0.1090886816382408","0.6989247311827957","0.7027590330403459","0.728673835125448","0.6989247311827957","0.6989247311827957","0.7027590330403459","0.728673835125448","0.6989247311827957","","","0.5925925925925926","","0.5908193239154081","1.4878262877464294","0.6086820331416783","0.5925925925925926"
"fast-sweep-45","","finished","Propaganda classification with BERT","","","2024-05-15T21:33:57.000Z","57","3ofmtlxo","32","","0.1930036752869628","0.010829480121560703","","","","","SGD","","","","","","","","","","","","","0.006292205501469967","0.11564986453187176","0.1288250982761383","0.5806451612903226","0.5438403324651202","0.601721812713176","0.5806451612903226","0.5806451612903226","0.5438403324651202","0.601721812713176","0.5806451612903226","","","0.5694444444444444","","0.5678860921244836","1.574420435088021","0.6458918944168729","0.5694444444444444"
"astral-sweep-82","","finished","Propaganda classification with BERT","","","2024-05-15T22:16:02.000Z","56","3ofmtlxo","64","","0.3506253236724034","0.010500953124400724","","","","","SGD","","","","","","","","","","","","","0.0020321499162973726","0.48724099851789926","0.40442344546318054","0.5591397849462365","0.5267867776766553","0.6438529911115549","0.5591397849462365","0.5591397849462365","0.5267867776766553","0.6438529911115549","0.5591397849462365","","","0.46296296296296297","","0.4279657635217409","1.6913491785526276","0.5572313746128034","0.46296296296296297"
"wise-sweep-62","","finished","Propaganda classification with BERT","","","2024-05-15T21:53:20.000Z","55","3ofmtlxo","64","","0.18011727302346592","0.021064602868247753","","","","","SGD","","","","","","","","","","","","","0.007461892168029335","0.23918953183151423","0.27734068036079407","0.5483870967741935","0.5213466706845314","0.5903862478777588","0.5483870967741935","0.5483870967741935","0.5213466706845314","0.5903862478777588","0.5483870967741935","","","0.5925925925925926","","0.5975433555590393","1.2605917155742643","0.6261098922029413","0.5925925925925926"
"fanciful-sweep-35","","finished","Propaganda classification with BERT","","","2024-05-15T21:22:22.000Z","55","3ofmtlxo","64","","0.27610302239475676","0.02686021648519645","","","","","SGD","","","","","","","","","","","","","0.00301156096010893","0.28649650052899406","0.12038519233465196","0.5053763440860215","0.5070661990467749","0.5255071093780771","0.5053763440860215","0.5053763440860215","0.5070661990467749","0.5255071093780771","0.5053763440860215","","","0.625","","0.6277581644664614","1.2026413679122925","0.6441145173935029","0.625"
"wobbly-sweep-31","","finished","Propaganda classification with BERT","","","2024-05-15T21:18:08.000Z","53","3ofmtlxo","64","","0.1651330379387287","0.04350852284894272","","","","","SGD","","","","","","","","","","","","","0.009599201974452977","0.13044572798978715","0.20137085020542145","0.25806451612903225","0.22208436724565755","0.3944866118490407","0.25806451612903225","0.25806451612903225","0.22208436724565755","0.3944866118490407","0.25806451612903225","","","0.2777777777777778","","0.2162133325906883","3.4460572600364685","0.3811843624877813","0.2777777777777778"
"stoic-sweep-66","","finished","Propaganda classification with BERT","","","2024-05-15T21:57:44.000Z","58","3ofmtlxo","32","","0.4147660260993541","0.010847482858152326","","","","","SGD","","","","","","","","","","","","","0.008620834732326488","0.4626139467809258","1.1828993558883667","0.21505376344086025","0.14239532292729803","0.289980449657869","0.21505376344086025","0.21505376344086025","0.14239532292729803","0.289980449657869","0.21505376344086025","","","0.3657407407407408","","0.31780112917566605","2.2316610983439853","0.46207890347697594","0.3657407407407408"
"rose-sweep-25","","finished","Propaganda classification with BERT","","","2024-05-15T21:11:34.000Z","59","3ofmtlxo","32","","0.3714117335194243","0.030147911742772072","","","","","RMSprop","","","","","","","","","","","","","0.00370516392733508","28.57509906117509","35.28944778442383","0.1935483870967742","0.06277244986922408","0.037460978147762745","0.1935483870967742","0.1935483870967742","0.06277244986922408","0.037460978147762745","0.1935483870967742","","","0.11574074074074074","","0.02401260181343169","42.3609128679548","0.013395919067215364","0.11574074074074074"
"crimson-sweep-27","","finished","Propaganda classification with BERT","","","2024-05-15T21:13:43.000Z","59","3ofmtlxo","32","","0.378909940632386","0.0552101953482102","","","","","RMSprop","","","","","","","","","","","","","0.004788546715642324","54.49700581155172","49.43024826049805","0.1827956989247312","0.05650048875855327","0.03341426754538097","0.1827956989247312","0.1827956989247312","0.05650048875855327","0.03341426754538097","0.1827956989247312","","","0.12037037037037036","","0.025864707682889503","42.83466993059431","0.014489026063100137","0.12037037037037036"
"copper-sweep-32","","finished","Propaganda classification with BERT","","","2024-05-15T21:19:10.000Z","59","3ofmtlxo","16","","0.16691825992528037","0.06661319167019455","","","","","SGD","","","","","","","","","","","","","0.006651580429281727","2.083771019806097","2.083355665206909","0.1827956989247312","0.05650048875855327","0.03341426754538097","0.1827956989247312","0.1827956989247312","0.05650048875855327","0.03341426754538097","0.1827956989247312","","","0.10185185185185185","","0.01882975412387177","2.093511325972421","0.010373799725651577","0.10185185185185185"
"pretty-sweep-44","","finished","Propaganda classification with BERT","","","2024-05-15T21:32:45.000Z","63","3ofmtlxo","16","","0.4034429414688544","0.07805158455125241","","","","","RMSprop","","","","","","","","","","","","","0.008425509470953673","76.82285730338391","65.38259887695312","0.1827956989247312","0.05650048875855327","0.03341426754538097","0.1827956989247312","0.1827956989247312","0.05650048875855327","0.03341426754538097","0.1827956989247312","","","0.0787037037037037","","0.011484660626291528","116.8272830418178","0.006194272976680384","0.0787037037037037"
"vital-sweep-50","","finished","Propaganda classification with BERT","","","2024-05-15T21:39:40.000Z","65","3ofmtlxo","16","","0.2321879982856866","0.06500878581907156","","","","","AdamW","","","","","","","","","","","","","0.0026793628234237418","18.57244261988887","35.37076950073242","0.1827956989247312","0.05650048875855327","0.03341426754538097","0.1827956989247312","0.1827956989247312","0.05650048875855327","0.03341426754538097","0.1827956989247312","","","0.12962962962962962","","0.029751062537947785","28.80649675641741","0.01680384087791495","0.12962962962962962"
"revived-sweep-64","","finished","Propaganda classification with BERT","","","2024-05-15T21:55:29.000Z","65","3ofmtlxo","16","","0.41430556344702407","0.029353854858874255","","","","","AdamW","","","","","","","","","","","","","0.004162583422548555","6.029814272751043","6.816877365112305","0.1720430107526882","0.0505080398540002","0.02959879754884958","0.1720430107526882","0.1720430107526882","0.0505080398540002","0.02959879754884958","0.1720430107526882","","","0.125","","0.027777777777777776","6.125789165496826","0.015625","0.125"
"autumn-sweep-42","","finished","Propaganda classification with BERT","","","2024-05-15T21:30:30.000Z","65","3ofmtlxo","16","","0.3117639107155573","0.05488459849668375","","","","","AdamW","","","","","","","","","","","","","0.005018995117578786","13.889568175798582","14.26898193359375","0.1720430107526882","0.0505080398540002","0.02959879754884958","0.1720430107526882","0.1720430107526882","0.0505080398540002","0.02959879754884958","0.1720430107526882","","","0.125","","0.027777777777777776","14.247033630098615","0.015625","0.125"
"proud-sweep-89","","finished","Propaganda classification with BERT","","","2024-05-15T22:23:44.000Z","59","3ofmtlxo","32","","0.3728263380839799","0.0742980851049742","","","","","RMSprop","","","","","","","","","","","","","0.002789068637361878","71.30241570821623","35.86927795410156","0.1720430107526882","0.0505080398540002","0.02959879754884958","0.1720430107526882","0.1720430107526882","0.0505080398540002","0.02959879754884958","0.1720430107526882","","","0.10648148148148148","","0.02049434371610104","96.45585196358816","0.011338305898491084","0.10648148148148148"
"easy-sweep-84","","finished","Propaganda classification with BERT","","","2024-05-15T22:18:12.000Z","66","3ofmtlxo","16","","0.2201421198277768","0.06055783858905632","","","","","AdamW","","","","","","","","","","","","","0.0012384590086727612","15.108403859315096","5.758950710296631","0.1720430107526882","0.0505080398540002","0.02959879754884958","0.1720430107526882","0.1720430107526882","0.0505080398540002","0.02959879754884958","0.1720430107526882","","","0.06481481481481481","","0.007890499194847021","8.101926020213536","0.004200960219478737","0.06481481481481481"
"iconic-sweep-93","","finished","Propaganda classification with BERT","","","2024-05-15T22:28:08.000Z","56","3ofmtlxo","64","","0.1780602282021009","0.017902507292811516","","","","","RMSprop","","","","","","","","","","","","","0.008698171815257312","19.45068681807745","22.67727279663086","0.12903225806451613","0.04481393958374854","0.12166900420757364","0.12903225806451613","0.12903225806451613","0.04481393958374854","0.12166900420757364","0.12903225806451613","","","0.13425925925925927","","0.031783824640967503","15.688192129135132","0.018025548696844997","0.13425925925925927"
"dazzling-sweep-28","","finished","Propaganda classification with BERT","","","2024-05-15T21:14:51.000Z","63","3ofmtlxo","16","","0.11361551956418288","0.05763317003411266","","","","","RMSprop","","","","","","","","","","","","","0.004248703438905365","59.606947086475515","62.87150573730469","0.16129032258064516","0.04480286738351255","0.026014568158168577","0.16129032258064516","0.16129032258064516","0.04480286738351255","0.026014568158168577","0.16129032258064516","","","0.12962962962962962","","0.029751062537947785","67.13563401358468","0.01680384087791495","0.12962962962962962"
"eager-sweep-19","","finished","Propaganda classification with BERT","","","2024-05-15T21:05:04.000Z","56","3ofmtlxo","64","","0.4328610273182441","0.032060128323360415","","","","","AdamW","","","","","","","","","","","","","0.0029970457954314137","7.209490208398728","7.237379550933838","0.16129032258064516","0.04480286738351255","0.026014568158168577","0.16129032258064516","0.16129032258064516","0.04480286738351255","0.026014568158168577","0.16129032258064516","","","0.12962962962962962","","0.029751062537947785","8.737231850624084","0.01680384087791495","0.12962962962962962"
"wise-sweep-61","","finished","Propaganda classification with BERT","","","2024-05-15T21:52:13.000Z","59","3ofmtlxo","16","","0.3732102356208037","0.07738485148144159","","","","","SGD","","","","","","","","","","","","","0.004127473959470714","2.0842469724608055","2.153625249862671","0.16129032258064516","0.04480286738351255","0.026014568158168577","0.16129032258064516","0.16129032258064516","0.04480286738351255","0.026014568158168577","0.16129032258064516","","","0.11574074074074074","","0.02401260181343169","2.088979176112584","0.013395919067215364","0.11574074074074074"
"resilient-sweep-48","","finished","Propaganda classification with BERT","","","2024-05-15T21:37:14.000Z","66","3ofmtlxo","16","","0.4183318108686973","0.0906954899962796","","","","","AdamW","","","","","","","","","","","","","0.0027919087744236004","29.976422356970517","30.182422637939453","0.16129032258064516","0.04480286738351255","0.026014568158168577","0.16129032258064516","0.16129032258064516","0.04480286738351255","0.026014568158168577","0.16129032258064516","","","0.12962962962962962","","0.029751062537947785","24.358316557747976","0.01680384087791495","0.12962962962962962"
"spring-sweep-59","","finished","Propaganda classification with BERT","","","2024-05-15T21:49:58.000Z","55","3ofmtlxo","64","","0.3105745900971207","0.08090198689482196","","","","","AdamW","","","","","","","","","","","","","0.0010983000471252971","29.615869703746977","25.85716438293457","0.16129032258064516","0.04480286738351255","0.026014568158168577","0.16129032258064516","0.16129032258064516","0.04480286738351255","0.026014568158168577","0.16129032258064516","","","0.12962962962962962","","0.029751062537947785","27.96615219116211","0.01680384087791495","0.12962962962962962"
"misty-sweep-107","","finished","Propaganda classification with BERT","","","2024-05-15T22:44:05.000Z","53","3ofmtlxo","64","","0.4237599078282045","0.033726903881367204","","","","","SGD","","","","","","","","","","","","","0.005191523620515241","2.0329916136605397","2.0604989528656006","0.11827956989247312","0.03993855606758832","0.07646356033452807","0.11827956989247312","0.11827956989247312","0.03993855606758832","0.07646356033452807","0.11827956989247312","","","0.1574074074074074","","0.04989865144369984","2.1672388911247253","0.04257119514472456","0.1574074074074074"
"atomic-sweep-54","","finished","Propaganda classification with BERT","","","2024-05-15T21:44:20.000Z","59","3ofmtlxo","32","","0.4641106234946445","0.02393832584465702","","","","","RMSprop","","","","","","","","","","","","","0.00245241230913435","22.74902869433891","30.44332695007324","0.15053763440860216","0.03939302582655009","0.022661579373337955","0.15053763440860216","0.15053763440860216","0.03939302582655009","0.022661579373337955","0.15053763440860216","","","0.12037037037037036","","0.025864707682889503","35.2429084777832","0.014489026063100137","0.12037037037037036"
"avid-sweep-92","","finished","Propaganda classification with BERT","","","2024-05-15T22:27:06.000Z","56","3ofmtlxo","64","","0.44537629768211473","0.04255035794375106","","","","","RMSprop","","","","","","","","","","","","","0.007051068674657096","40.264913468133834","39.56923294067383","0.15053763440860216","0.03939302582655009","0.022661579373337955","0.15053763440860216","0.15053763440860216","0.03939302582655009","0.022661579373337955","0.15053763440860216","","","0.12037037037037036","","0.025864707682889503","28.979666709899902","0.014489026063100137","0.12037037037037036"
"resilient-sweep-5","","finished","Propaganda classification with BERT","","","2024-05-15T20:48:53.000Z","57","3ofmtlxo","32","","0.4596757823639459","0.09902935857144644","","","","","SGD","","","","","","","","","","","","","0.0023684060359195633","2.095530219194366","2.1605398654937744","0.15053763440860216","0.03939302582655009","0.022661579373337955","0.15053763440860216","0.15053763440860216","0.03939302582655009","0.022661579373337955","0.15053763440860216","","","0.0925925925925926","","0.015693659761456372","2.094736542020525","0.008573388203017831","0.0925925925925926"
"misty-sweep-111","","finished","Propaganda classification with BERT","","","2024-05-15T22:48:14.000Z","54","3ofmtlxo","64","","0.4123188764124762","0.09027196364531766","","","","","SGD","","","","","","","","","","","","","0.007006041939419964","2.0826917602902366","2.0547900199890137","0.15053763440860216","0.03939302582655009","0.022661579373337955","0.15053763440860216","0.15053763440860216","0.03939302582655009","0.022661579373337955","0.15053763440860216","","","0.0925925925925926","","0.015693659761456372","2.1187267303466797","0.008573388203017831","0.0925925925925926"
"spring-sweep-14","","finished","Propaganda classification with BERT","","","2024-05-15T20:59:12.000Z","74","3ofmtlxo","64","","0.443343195713953","0.07952012608972323","","","","","RMSprop","","","","","","","","","","","","","0.0012793203791012298","80.72589583623977","77.45600128173828","0.15053763440860216","0.03939302582655009","0.022661579373337955","0.15053763440860216","0.15053763440860216","0.03939302582655009","0.022661579373337955","0.15053763440860216","","","0.13425925925925927","","0.031783824640967503","114.35594749450684","0.018025548696844997","0.13425925925925927"
"rare-sweep-18","","finished","Propaganda classification with BERT","","","2024-05-15T21:03:57.000Z","59","3ofmtlxo","64","","0.35880647534578725","0.09060788574433476","","","","","AdamW","","","","","","","","","","","","","0.0010412056035332506","34.452501932779946","46.79824447631836","0.13978494623655913","0.03428687360519375","0.019539831194357725","0.13978494623655913","0.13978494623655913","0.03428687360519375","0.019539831194357725","0.13978494623655913","","","0.09722222222222222","","0.017229254571026722","42.120646476745605","0.00945216049382716","0.09722222222222222"
"efficient-sweep-43","","finished","Propaganda classification with BERT","","","2024-05-15T21:31:43.000Z","55","3ofmtlxo","64","","0.2069316218024002","0.05410542059255174","","","","","AdamW","","","","","","","","","","","","","0.0014153328032222325","10.720239275977724","12.801405906677246","0.13978494623655913","0.03428687360519375","0.019539831194357725","0.13978494623655913","0.13978494623655913","0.03428687360519375","0.019539831194357725","0.13978494623655913","","","0.10185185185185185","","0.01882975412387177","15.64434266090393","0.010373799725651577","0.10185185185185185"
"distinctive-sweep-110","","finished","Propaganda classification with BERT","","","2024-05-15T22:47:12.000Z","55","3ofmtlxo","64","","0.24082907607200285","0.019929863127922554","","","","","AdamW","","","","","","","","","","","","","0.00420033034434812","5.110666502089727","4.725210189819336","0.13978494623655913","0.03428687360519375","0.019539831194357725","0.13978494623655913","0.13978494623655913","0.03428687360519375","0.019539831194357725","0.13978494623655913","","","0.14814814814814814","","0.03823178016726403","3.8339455127716064","0.02194787379972565","0.14814814814814814"
"fallen-sweep-79","","finished","Propaganda classification with BERT","","","2024-05-15T22:12:24.000Z","60","3ofmtlxo","16","","0.1643820150331195","0.03206336660991305","","","","","SGD","","","","","","","","","","","","","0.003610641546938325","2.090928622234015","2.047412872314453","0.13978494623655913","0.03428687360519375","0.019539831194357725","0.13978494623655913","0.13978494623655913","0.03428687360519375","0.019539831194357725","0.13978494623655913","","","0.10185185185185185","","0.01882975412387177","2.0921294518879483","0.010373799725651577","0.10185185185185185"
"dandy-sweep-29","","finished","Propaganda classification with BERT","","","2024-05-15T21:16:03.000Z","55","3ofmtlxo","64","","0.4050817189271459","0.09952112855642978","","","","","SGD","","","","","","","","","","","","","0.00908458163614766","2.084704013097854","2.082112073898315","0.13978494623655913","0.03428687360519375","0.019539831194357725","0.13978494623655913","0.13978494623655913","0.03428687360519375","0.019539831194357725","0.13978494623655913","","","0.09722222222222222","","0.017229254571026722","2.097655653953552","0.00945216049382716","0.09722222222222222"
"different-sweep-16","","finished","Propaganda classification with BERT","","","2024-05-15T21:01:52.000Z","57","3ofmtlxo","32","","0.32660432232886905","0.04622401254222491","","","","","SGD","","","","","","","","","","","","","0.00989849516958181","2.084579630595882","2.058093547821045","0.13978494623655913","0.03428687360519375","0.019539831194357725","0.13978494623655913","0.13978494623655913","0.03428687360519375","0.019539831194357725","0.13978494623655913","","","0.125","","0.027777777777777776","2.0833045073917935","0.015625","0.125"
"vibrant-sweep-95","","finished","Propaganda classification with BERT","","","2024-05-15T22:30:12.000Z","66","3ofmtlxo","16","","0.4345581394271719","0.013753849191853783","","","","","RMSprop","","","","","","","","","","","","","0.001223839873345349","13.174283981323242","7.486351013183594","0.13978494623655913","0.03428687360519375","0.019539831194357725","0.13978494623655913","0.13978494623655913","0.03428687360519375","0.019539831194357725","0.13978494623655913","","","0.1388888888888889","","0.03387533875338753","15.033590861729213","0.01929012345679013","0.1388888888888889"
"clear-sweep-13","","finished","Propaganda classification with BERT","","","2024-05-15T20:58:05.000Z","59","3ofmtlxo","32","","0.2515358747568185","0.07333798673835797","","","","","AdamW","","","","","","","","","","","","","0.0031188357260410605","19.92289585020484","5.991228103637695","0.13978494623655913","0.03428687360519375","0.019539831194357725","0.13978494623655913","0.13978494623655913","0.03428687360519375","0.019539831194357725","0.13978494623655913","","","0.1388888888888889","","0.03387533875338753","16.9100159236363","0.01929012345679013","0.1388888888888889"
"whole-sweep-37","","finished","Propaganda classification with BERT","","","2024-05-15T21:24:48.000Z","63","3ofmtlxo","16","","0.25391702834942326","0.06072083662870376","","","","","RMSprop","","","","","","","","","","","","","0.006426036208599479","60.8032425303518","96.33512878417967","0.13978494623655913","0.03428687360519375","0.019539831194357725","0.13978494623655913","0.13978494623655913","0.03428687360519375","0.019539831194357725","0.13978494623655913","","","0.14814814814814814","","0.03823178016726403","68.08285794939313","0.02194787379972565","0.14814814814814814"
"sunny-sweep-73","","finished","Propaganda classification with BERT","","","2024-05-15T22:05:41.000Z","67","3ofmtlxo","16","","0.4145568464349574","0.0964389345677048","","","","","AdamW","","","","","","","","","","","","","0.008987213196484403","36.73044086974344","28.56348419189453","0.13978494623655913","0.03428687360519375","0.019539831194357725","0.13978494623655913","0.13978494623655913","0.03428687360519375","0.019539831194357725","0.13978494623655913","","","0.1388888888888889","","0.03387533875338753","26.241280555725098","0.01929012345679013","0.1388888888888889"
"golden-sweep-67","","finished","Propaganda classification with BERT","","","2024-05-15T21:58:51.000Z","59","3ofmtlxo","16","","0.4669509848894656","0.04384994620986101","","","","","SGD","","","","","","","","","","","","","0.005252855019100175","2.085719226319113","2.1073570251464844","0.13978494623655913","0.03428687360519375","0.019539831194357725","0.13978494623655913","0.13978494623655913","0.03428687360519375","0.019539831194357725","0.13978494623655913","","","0.09722222222222222","","0.017229254571026722","2.082388060433524","0.00945216049382716","0.09722222222222222"
"woven-sweep-97","","finished","Propaganda classification with BERT","","","2024-05-15T22:32:32.000Z","59","3ofmtlxo","32","","0.26460030451276695","0.07611062351094935","","","","","RMSprop","","","","","","","","","","","","","0.006852931043873316","76.44587484220179","74.53691101074219","0.13978494623655913","0.03428687360519375","0.019539831194357725","0.13978494623655913","0.13978494623655913","0.03428687360519375","0.019539831194357725","0.13978494623655913","","","0.125","","0.027777777777777776","58.15111378261021","0.015625","0.125"
"pretty-sweep-11","","finished","Propaganda classification with BERT","","","2024-05-15T20:55:38.000Z","68","3ofmtlxo","16","","0.20792677241984184","0.03638652849372462","","","","","AdamW","","","","","","","","","","","","","0.0058280003888048415","7.751681313102628","5.776462078094482","0.12903225806451613","0.029493087557603687","0.016649323621227886","0.12903225806451613","0.12903225806451613","0.029493087557603687","0.016649323621227886","0.12903225806451613","","","0.14351851851851852","","0.03602489128804918","8.484689916883196","0.020597565157750342","0.14351851851851852"
"olive-sweep-40","","finished","Propaganda classification with BERT","","","2024-05-15T21:28:21.000Z","59","3ofmtlxo","16","","0.43182024859387313","0.019807336649404456","","","","","SGD","","","","","","","","","","","","","0.001495449057820664","2.0873918150678095","2.2010233402252197","0.12903225806451613","0.029493087557603687","0.016649323621227886","0.12903225806451613","0.12903225806451613","0.029493087557603687","0.016649323621227886","0.12903225806451613","","","0.08333333333333333","","0.01282051282051282","2.0859995910099576","0.006944444444444444","0.08333333333333333"
"flowing-sweep-94","","finished","Propaganda classification with BERT","","","2024-05-15T22:29:10.000Z","56","3ofmtlxo","64","","0.2058587925904198","0.09232827029094055","","","","","RMSprop","","","","","","","","","","","","","0.007027654793812729","80.64281409127372","63.54035568237305","0.12903225806451613","0.029493087557603687","0.016649323621227886","0.12903225806451613","0.12903225806451613","0.029493087557603687","0.016649323621227886","0.12903225806451613","","","0.10648148148148148","","0.02049434371610104","70.79804992675781","0.011338305898491084","0.10648148148148148"
"resilient-sweep-104","","finished","Propaganda classification with BERT","","","2024-05-15T22:40:41.000Z","55","3ofmtlxo","64","","0.44003329070613006","0.07827541844543022","","","","","SGD","","","","","","","","","","","","","0.0022866919703977743","2.088101829801287","2.103068590164185","0.12903225806451613","0.029493087557603687","0.016649323621227886","0.12903225806451613","0.12903225806451613","0.029493087557603687","0.016649323621227886","0.12903225806451613","","","0.10185185185185185","","0.01882975412387177","2.0944161415100098","0.010373799725651577","0.10185185185185185"
"drawn-sweep-70","","finished","Propaganda classification with BERT","","","2024-05-15T22:02:23.000Z","59","3ofmtlxo","32","","0.24696003533260105","0.074141579471748","","","","","RMSprop","","","","","","","","","","","","","0.005873529180290069","66.00758706069574","45.55779647827149","0.12903225806451613","0.029493087557603687","0.016649323621227886","0.12903225806451613","0.12903225806451613","0.029493087557603687","0.016649323621227886","0.12903225806451613","","","0.10185185185185185","","0.01882975412387177","81.14709908621651","0.010373799725651577","0.10185185185185185"
"autumn-sweep-17","","finished","Propaganda classification with BERT","","","2024-05-15T21:02:54.000Z","56","3ofmtlxo","64","","0.21034481659000628","0.06473727339633832","","","","","RMSprop","","","","","","","","","","","","","0.004495411486184704","62.72145625523159","31.29450225830078","0.12903225806451613","0.029493087557603687","0.016649323621227886","0.12903225806451613","0.12903225806451613","0.029493087557603687","0.016649323621227886","0.12903225806451613","","","0.1527777777777778","","0.04049531459170014","67.73186111450195","0.023341049382716052","0.1527777777777778"
"dandy-sweep-21","","finished","Propaganda classification with BERT","","","2024-05-15T21:07:20.000Z","59","3ofmtlxo","32","","0.3708762502262366","0.017531694109181407","","","","","AdamW","","","","","","","","","","","","","0.008130482988020563","3.2904435832326007","3.393746852874756","0.12903225806451613","0.029493087557603687","0.016649323621227886","0.12903225806451613","0.12903225806451613","0.029493087557603687","0.016649323621227886","0.12903225806451613","","","0.10648148148148148","","0.02049434371610104","4.467756339481899","0.011338305898491084","0.10648148148148148"
"noble-sweep-71","","finished","Propaganda classification with BERT","","","2024-05-15T22:03:30.000Z","56","3ofmtlxo","64","","0.18477767620484295","0.05576852999263705","","","","","AdamW","","","","","","","","","","","","","0.009451215857698245","16.66443838391985","9.85649871826172","0.12903225806451613","0.029493087557603687","0.016649323621227886","0.12903225806451613","0.12903225806451613","0.029493087557603687","0.016649323621227886","0.12903225806451613","","","0.125","","0.027777777777777776","17.571358680725098","0.015625","0.125"
"wise-sweep-81","","finished","Propaganda classification with BERT","","","2024-05-15T22:14:50.000Z","65","3ofmtlxo","16","","0.4252943444953182","0.07393248294173166","","","","","AdamW","","","","","","","","","","","","","0.00905190355385561","28.567022406024694","33.49187088012695","0.12903225806451613","0.029493087557603687","0.016649323621227886","0.12903225806451613","0.12903225806451613","0.029493087557603687","0.016649323621227886","0.12903225806451613","","","0.12962962962962962","","0.029751062537947785","20.558121408735","0.01680384087791495","0.12962962962962962"
"prime-sweep-7","","finished","Propaganda classification with BERT","","","2024-05-15T20:51:03.000Z","57","3ofmtlxo","32","","0.3468858330114355","0.025957417067452776","","","","","SGD","","","","","","","","","","","","","0.00623607936771956","2.0929093477202625","2.1041922569274902","0.12903225806451613","0.029493087557603687","0.016649323621227886","0.12903225806451613","0.12903225806451613","0.029493087557603687","0.016649323621227886","0.12903225806451613","","","0.10185185185185185","","0.01882975412387177","2.082803930555071","0.010373799725651577","0.10185185185185185"
"wise-sweep-83","","finished","Propaganda classification with BERT","","","2024-05-15T22:17:05.000Z","59","3ofmtlxo","32","","0.10800671430896998","0.028406013291463028","","","","","RMSprop","","","","","","","","","","","","","0.006669259278771881","28.8743528040444","28.21223258972168","0.12903225806451613","0.029493087557603687","0.016649323621227886","0.12903225806451613","0.12903225806451613","0.029493087557603687","0.016649323621227886","0.12903225806451613","","","0.14351851851851852","","0.03602489128804918","19.88945756639753","0.020597565157750342","0.14351851851851852"
"fiery-sweep-103","","finished","Propaganda classification with BERT","","","2024-05-15T22:39:39.000Z","55","3ofmtlxo","64","","0.28888170565535143","0.0449520717600119","","","","","AdamW","","","","","","","","","","","","","0.0020807759502852845","15.678497813996817","17.638349533081055","0.12903225806451613","0.029493087557603687","0.016649323621227886","0.12903225806451613","0.12903225806451613","0.029493087557603687","0.016649323621227886","0.12903225806451613","","","0.10185185185185185","","0.01882975412387177","10.309576272964478","0.010373799725651577","0.10185185185185185"
"prime-sweep-36","","finished","Propaganda classification with BERT","","","2024-05-15T21:23:35.000Z","64","3ofmtlxo","16","","0.10652417495698983","0.04698236131003291","","","","","RMSprop","","","","","","","","","","","","","0.00291607951805431","45.12308794186439","28.00098991394043","0.12903225806451613","0.029493087557603687","0.016649323621227886","0.12903225806451613","0.12903225806451613","0.029493087557603687","0.016649323621227886","0.12903225806451613","","","0.14351851851851852","","0.03602489128804918","43.23946366991316","0.020597565157750342","0.14351851851851852"
"happy-sweep-49","","finished","Propaganda classification with BERT","","","2024-05-15T21:38:27.000Z","64","3ofmtlxo","16","","0.30981839635317754","0.0968588960159657","","","","","RMSprop","","","","","","","","","","","","","0.009870030821736948","80.89082819149817","109.99404907226562","0.12903225806451613","0.029493087557603687","0.016649323621227886","0.12903225806451613","0.12903225806451613","0.029493087557603687","0.016649323621227886","0.12903225806451613","","","0.10648148148148148","","0.02049434371610104","102.4689690726144","0.011338305898491084","0.10648148148148148"
"solar-sweep-15","","finished","Propaganda classification with BERT","","","2024-05-15T21:00:35.000Z","59","3ofmtlxo","32","","0.48067015721830697","0.07306941868049635","","","","","AdamW","","","","","","","","","","","","","0.008632077823957597","23.41777059508533","20.25239372253418","0.12903225806451613","0.029493087557603687","0.016649323621227886","0.12903225806451613","0.12903225806451613","0.029493087557603687","0.016649323621227886","0.12903225806451613","","","0.12962962962962962","","0.029751062537947785","32.27099391392299","0.01680384087791495","0.12962962962962962"
"earnest-sweep-57","","finished","Propaganda classification with BERT","","","2024-05-15T21:47:47.000Z","55","3ofmtlxo","64","","0.23348229396768863","0.04821662015420337","","","","","SGD","","","","","","","","","","","","","0.0014247264940789124","2.093026320139567","2.106192827224731","0.12903225806451613","0.029493087557603687","0.016649323621227886","0.12903225806451613","0.12903225806451613","0.029493087557603687","0.016649323621227886","0.12903225806451613","","","0.12962962962962962","","0.029751062537947785","2.1011305153369904","0.01680384087791495","0.12962962962962962"
"firm-sweep-9","","finished","Propaganda classification with BERT","","","2024-05-15T20:53:18.000Z","64","3ofmtlxo","16","","0.4048231658937469","0.07283504538618343","","","","","RMSprop","","","","","","","","","","","","","0.005058065433486965","65.39755074771834","29.99791145324707","0.12903225806451613","0.029493087557603687","0.016649323621227886","0.12903225806451613","0.12903225806451613","0.029493087557603687","0.016649323621227886","0.12903225806451613","","","0.1527777777777778","","0.04049531459170014","43.59758499690464","0.023341049382716052","0.1527777777777778"
"smooth-sweep-80","","finished","Propaganda classification with BERT","","","2024-05-15T22:13:37.000Z","65","3ofmtlxo","16","","0.4905523787994185","0.07790405684344642","","","","","RMSprop","","","","","","","","","","","","","0.009030808504413807","72.44808611457731","74.28380584716797","0.11827956989247312","0.0250206782464847","0.013990056653948436","0.11827956989247312","0.11827956989247312","0.0250206782464847","0.013990056653948436","0.11827956989247312","","","0.12962962962962962","","0.029751062537947785","77.15542902265277","0.01680384087791495","0.12962962962962962"
"devout-sweep-46","","finished","Propaganda classification with BERT","","","2024-05-15T21:35:00.000Z","55","3ofmtlxo","64","","0.25535411968598853","0.044308647112176296","","","","","AdamW","","","","","","","","","","","","","0.007929933814883973","12.39963840302967","11.968436241149902","0.11827956989247312","0.0250206782464847","0.013990056653948436","0.11827956989247312","0.11827956989247312","0.0250206782464847","0.013990056653948436","0.11827956989247312","","","0.10648148148148148","","0.02049434371610104","15.537577390670776","0.011338305898491084","0.10648148148148148"
"peachy-sweep-106","","finished","Propaganda classification with BERT","","","2024-05-15T22:43:03.000Z","57","3ofmtlxo","32","","0.32213482619284084","0.07739558241130952","","","","","SGD","","","","","","","","","","","","","0.0010516420885629371","2.085028037792299","2.069387197494507","0.11827956989247312","0.0250206782464847","0.013990056653948436","0.11827956989247312","0.11827956989247312","0.0250206782464847","0.013990056653948436","0.11827956989247312","","","0.14814814814814814","","0.03823178016726403","2.082816873277937","0.02194787379972565","0.14814814814814814"
"golden-sweep-52","","finished","Propaganda classification with BERT","","","2024-05-15T21:42:05.000Z","59","3ofmtlxo","16","","0.4409148625041458","0.09627223457131528","","","","","SGD","","","","","","","","","","","","","0.0056697382037101465","2.086568811793386","2.086575508117676","0.11827956989247312","0.0250206782464847","0.013990056653948436","0.11827956989247312","0.11827956989247312","0.0250206782464847","0.013990056653948436","0.11827956989247312","","","0.1111111111111111","","0.022222222222222227","2.075639878000532","0.012345679012345678","0.1111111111111111"
"unique-sweep-60","","finished","Propaganda classification with BERT","","","2024-05-15T21:51:00.000Z","64","3ofmtlxo","16","","0.3607500567159653","0.06431882576246624","","","","","RMSprop","","","","","","","","","","","","","0.00241439871979832","62.13675896915389","78.90377807617188","0.11827956989247312","0.0250206782464847","0.013990056653948436","0.11827956989247312","0.11827956989247312","0.0250206782464847","0.013990056653948436","0.11827956989247312","","","0.14814814814814814","","0.03823178016726403","64.3967170715332","0.02194787379972565","0.14814814814814814"
"curious-sweep-91","","finished","Propaganda classification with BERT","","","2024-05-15T22:25:59.000Z","60","3ofmtlxo","32","","0.20781291331014515","0.019125031914983295","","","","","AdamW","","","","","","","","","","","","","0.008371955109588082","3.7096292332905096","3.877919912338257","0.11827956989247312","0.0250206782464847","0.013990056653948436","0.11827956989247312","0.11827956989247312","0.0250206782464847","0.013990056653948436","0.11827956989247312","","","0.1111111111111111","","0.022222222222222227","4.2984024456569125","0.012345679012345678","0.1111111111111111"
"stoic-sweep-68","","finished","Propaganda classification with BERT","","","2024-05-15T22:00:14.000Z","55","3ofmtlxo","64","","0.34404364153669476","0.0781774343652452","","","","","SGD","","","","","","","","","","","","","0.0035801456429823183","2.086945442926316","2.075894355773926","0.11827956989247312","0.0250206782464847","0.013990056653948436","0.11827956989247312","0.11827956989247312","0.0250206782464847","0.013990056653948436","0.11827956989247312","","","0.10648148148148148","","0.02049434371610104","2.107260465621948","0.011338305898491084","0.10648148148148148"
"deft-sweep-55","","finished","Propaganda classification with BERT","","","2024-05-15T21:45:27.000Z","66","3ofmtlxo","16","","0.262135127110051","0.09706322801542176","","","","","AdamW","","","","","","","","","","","","","0.004306600447400254","38.15555930431978","43.0399284362793","0.11827956989247312","0.0250206782464847","0.013990056653948436","0.11827956989247312","0.11827956989247312","0.0250206782464847","0.013990056653948436","0.11827956989247312","","","0.1574074074074074","","0.04281481481481482","42.2016008922032","0.024777091906721536","0.1574074074074074"
"revived-sweep-4","","finished","Propaganda classification with BERT","","","2024-05-15T20:47:46.000Z","59","3ofmtlxo","32","","0.2956607545280837","0.031617504723515946","","","","","RMSprop","","","","","","","","","","","","","0.009146109129050575","27.924981722017613","40.641902923583984","0.11827956989247312","0.0250206782464847","0.013990056653948436","0.11827956989247312","0.11827956989247312","0.0250206782464847","0.013990056653948436","0.11827956989247312","","","0.12962962962962962","","0.029751062537947785","26.728861127580917","0.01680384087791495","0.12962962962962962"
"deep-sweep-78","","finished","Propaganda classification with BERT","","","2024-05-15T22:11:22.000Z","56","3ofmtlxo","64","","0.4132450490721794","0.022314687323013623","","","","","SGD","","","","","","","","","","","","","0.008525378888702907","2.0905185426984514","2.055136203765869","0.11827956989247312","0.0250206782464847","0.013990056653948436","0.11827956989247312","0.11827956989247312","0.0250206782464847","0.013990056653948436","0.11827956989247312","","","0.12962962962962962","","0.029751062537947785","2.1047351956367493","0.01680384087791495","0.12962962962962962"
"fancy-sweep-101","","finished","Propaganda classification with BERT","","","2024-05-15T22:37:19.000Z","59","3ofmtlxo","32","","0.2579052499705258","0.033964313240531875","","","","","RMSprop","","","","","","","","","","","","","0.006467461500953538","33.91781025398068","19.23511505126953","0.10752688172043012","0.020879006159306816","0.011562030292519366","0.10752688172043012","0.10752688172043012","0.020879006159306816","0.011562030292519366","0.10752688172043012","","","0.16203703703703703","","0.045189611922679646","32.39981460571289","0.02625600137174211","0.16203703703703703"
"fluent-sweep-10","","finished","Propaganda classification with BERT","","","2024-05-15T20:54:30.000Z","59","3ofmtlxo","32","","0.4835501868277162","0.0958601961783222","","","","","RMSprop","","","","","","","","","","","","","0.0017810674785396796","97.80341878751427","84.74272155761719","0.10752688172043012","0.020879006159306816","0.011562030292519366","0.10752688172043012","0.10752688172043012","0.020879006159306816","0.011562030292519366","0.10752688172043012","","","0.1111111111111111","","0.022222222222222227","70.549802507673","0.012345679012345678","0.1111111111111111"
"northern-sweep-69","","finished","Propaganda classification with BERT","","","2024-05-15T22:01:16.000Z","58","3ofmtlxo","64","","0.120443696655303","0.02382697138528493","","","","","AdamW","","","","","","","","","","","","","0.002891547245702543","3.723677022116525","3.991593360900879","0.10752688172043012","0.020879006159306816","0.011562030292519366","0.10752688172043012","0.10752688172043012","0.020879006159306816","0.011562030292519366","0.10752688172043012","","","0.0925925925925926","","0.015693659761456372","3.9636150598526","0.008573388203017831","0.0925925925925926"
"gentle-sweep-8","","finished","Propaganda classification with BERT","","","2024-05-15T20:52:05.000Z","66","3ofmtlxo","16","","0.2830773544880848","0.013996263763120177","","","","","AdamW","","","","","","","","","","","","","0.007764619914607711","3.4158243397135792","3.805511236190796","0.10752688172043012","0.020879006159306816","0.011562030292519366","0.10752688172043012","0.10752688172043012","0.020879006159306816","0.011562030292519366","0.10752688172043012","","","0.0925925925925926","","0.015693659761456372","4.65094028200422","0.008573388203017831","0.0925925925925926"
"light-sweep-41","","finished","Propaganda classification with BERT","","","2024-05-15T21:29:28.000Z","55","3ofmtlxo","64","","0.3046598402000801","0.040534930671865754","","","","","SGD","","","","","","","","","","","","","0.001640181030159625","2.07211625008356","1.8433102369308472","0.10752688172043012","0.020879006159306816","0.011562030292519366","0.10752688172043012","0.10752688172043012","0.020879006159306816","0.011562030292519366","0.10752688172043012","","","0.13425925925925927","","0.031783824640967503","3.38079297542572","0.018025548696844997","0.13425925925925927"
"lunar-sweep-76","","finished","Propaganda classification with BERT","","","2024-05-15T22:09:13.000Z","61","3ofmtlxo","32","","0.10690755198351425","0.08455807912035183","","","","","AdamW","","","","","","","","","","","","","0.006174947513493683","27.63364221991562","36.31825256347656","0.10752688172043012","0.020879006159306816","0.011562030292519366","0.10752688172043012","0.10752688172043012","0.020879006159306816","0.011562030292519366","0.10752688172043012","","","0.0925925925925926","","0.015693659761456372","30.733874457223074","0.008573388203017831","0.0925925925925926"
"deft-sweep-109","","finished","Propaganda classification with BERT","","","2024-05-15T22:46:09.000Z","55","3ofmtlxo","64","","0.4634851256686877","0.07937285455652252","","","","","AdamW","","","","","","","","","","","","","0.007761773872114233","19.736842700413295","29.92909049987793","0.10752688172043012","0.020879006159306816","0.011562030292519366","0.10752688172043012","0.10752688172043012","0.020879006159306816","0.011562030292519366","0.10752688172043012","","","0.11574074074074074","","0.02401260181343169","19.098624229431152","0.013395919067215364","0.11574074074074074"
"major-sweep-34","","finished","Propaganda classification with BERT","","","2024-05-15T21:21:20.000Z","57","3ofmtlxo","32","","0.19776101514603509","0.097525885795297","","","","","SGD","","","","","","","","","","","","","0.008990365166945628","2.08182819296674","2.096688747406006","0.10752688172043012","0.020879006159306816","0.011562030292519366","0.10752688172043012","0.10752688172043012","0.020879006159306816","0.011562030292519366","0.10752688172043012","","","0.0925925925925926","","0.015693659761456372","2.088622740336827","0.008573388203017831","0.0925925925925926"
"prime-sweep-26","","finished","Propaganda classification with BERT","","","2024-05-15T21:12:41.000Z","55","3ofmtlxo","64","","0.3641524439302593","0.09104226170415478","","","","","RMSprop","","","","","","","","","","","","","0.004369080985219214","89.49879891531808","63.14643859863281","0.10752688172043012","0.020879006159306816","0.011562030292519366","0.10752688172043012","0.10752688172043012","0.020879006159306816","0.011562030292519366","0.10752688172043012","","","0.0925925925925926","","0.015693659761456372","97.2467918395996","0.008573388203017831","0.0925925925925926"
"dandy-sweep-51","","finished","Propaganda classification with BERT","","","2024-05-15T21:40:52.000Z","64","3ofmtlxo","16","","0.31122980198466893","0.04004117919920864","","","","","RMSprop","","","","","","","","","","","","","0.006115002807566676","37.86133925120035","25.771995544433594","0.10752688172043012","0.020879006159306816","0.011562030292519366","0.10752688172043012","0.10752688172043012","0.020879006159306816","0.011562030292519366","0.10752688172043012","","","0.1527777777777778","","0.04049531459170014","32.2200836454119","0.023341049382716052","0.1527777777777778"
"rare-sweep-98","","finished","Propaganda classification with BERT","","","2024-05-15T22:33:40.000Z","55","3ofmtlxo","64","","0.15104404083632486","0.0593061918472832","","","","","SGD","","","","","","","","","","","","","0.00646493085431046","2.086266835530599","2.0741384029388428","0.10752688172043012","0.020879006159306816","0.011562030292519366","0.10752688172043012","0.10752688172043012","0.020879006159306816","0.011562030292519366","0.10752688172043012","","","0.13425925925925927","","0.031783824640967503","2.0875452160835266","0.018025548696844997","0.13425925925925927"
"desert-sweep-56","","finished","Propaganda classification with BERT","","","2024-05-15T21:46:40.000Z","59","3ofmtlxo","32","","0.2512919493607283","0.0956935932308008","","","","","RMSprop","","","","","","","","","","","","","0.0060155640073835505","81.47369282420088","71.17394256591797","0.0967741935483871","0.017077798861480076","0.009365244536940686","0.0967741935483871","0.0967741935483871","0.017077798861480076","0.009365244536940686","0.0967741935483871","","","0.09722222222222222","","0.017229254571026722","94.89335087367466","0.00945216049382716","0.09722222222222222"
"silver-sweep-100","","finished","Propaganda classification with BERT","","","2024-05-15T22:36:11.000Z","59","3ofmtlxo","16","","0.4959413485756944","0.022779088126536416","","","","","SGD","","","","","","","","","","","","","0.002533630973824587","2.091935669934308","2.0744071006774902","0.0967741935483871","0.017077798861480076","0.009365244536940686","0.0967741935483871","0.0967741935483871","0.017077798861480076","0.009365244536940686","0.0967741935483871","","","0.11574074074074074","","0.02401260181343169","2.080716064998082","0.013395919067215364","0.11574074074074074"
"glorious-sweep-96","","finished","Propaganda classification with BERT","","","2024-05-15T22:31:25.000Z","59","3ofmtlxo","32","","0.11969327333111464","0.052615778106682734","","","","","RMSprop","","","","","","","","","","","","","0.0037083123485879784","49.553933678603755","72.07079315185547","0.0967741935483871","0.017077798861480076","0.009365244536940686","0.0967741935483871","0.0967741935483871","0.017077798861480076","0.009365244536940686","0.0967741935483871","","","0.1574074074074074","","0.04281481481481482","44.72359085083008","0.024777091906721536","0.1574074074074074"
"swift-sweep-38","","finished","Propaganda classification with BERT","","","2024-05-15T21:26:00.000Z","60","3ofmtlxo","32","","0.31128047625055455","0.09592675367424763","","","","","RMSprop","","","","","","","","","","","","","0.00639496403057658","80.10752045235982","41.7181282043457","0.0967741935483871","0.017077798861480076","0.009365244536940686","0.0967741935483871","0.0967741935483871","0.017077798861480076","0.009365244536940686","0.0967741935483871","","","0.12037037037037036","","0.025864707682889503","67.5880355834961","0.014489026063100137","0.12037037037037036"
"pleasant-sweep-99","","finished","Propaganda classification with BERT","","","2024-05-15T22:34:55.000Z","66","3ofmtlxo","16","","0.4674057192145926","0.06011282496512424","","","","","RMSprop","","","","","","","","","","","","","0.0031077261269538948","57.80928263252165","50.438358306884766","0.0967741935483871","0.017077798861480076","0.009365244536940686","0.0967741935483871","0.0967741935483871","0.017077798861480076","0.009365244536940686","0.0967741935483871","","","0.16666666666666666","","0.047619047619047616","66.19971084594727","0.027777777777777776","0.16666666666666666"
"astral-sweep-102","","finished","Propaganda classification with BERT","","","2024-05-15T22:38:26.000Z","66","3ofmtlxo","16","","0.33961569560194105","0.050969708110528894","","","","","AdamW","","","","","","","","","","","","","0.008118130424409266","14.611082235972086","14.352087020874023","0.0967741935483871","0.017077798861480076","0.009365244536940686","0.0967741935483871","0.0967741935483871","0.017077798861480076","0.009365244536940686","0.0967741935483871","","","0.14351851851851852","","0.03602489128804918","15.11614922114781","0.020597565157750342","0.14351851851851852"
"earthy-sweep-2","","finished","Propaganda classification with BERT","","","2024-05-15T20:45:26.000Z","66","3ofmtlxo","16","","0.4998174800495706","0.020983371562342895","","","","","RMSprop","","","","","","","","","","","","","0.003690079231223376","18.268947365843218","7.109290599822998","0.0967741935483871","0.017077798861480076","0.009365244536940686","0.0967741935483871","0.0967741935483871","0.017077798861480076","0.009365244536940686","0.0967741935483871","","","0.11574074074074074","","0.02401260181343169","17.21563652583531","0.013395919067215364","0.11574074074074074"
"northern-sweep-63","","finished","Propaganda classification with BERT","","","2024-05-15T21:54:22.000Z","60","3ofmtlxo","32","","0.46340811287442985","0.029484658761949896","","","","","AdamW","","","","","","","","","","","","","0.003076835019179071","4.932255018048171","9.656765937805176","0.0967741935483871","0.017077798861480076","0.009365244536940686","0.0967741935483871","0.0967741935483871","0.017077798861480076","0.009365244536940686","0.0967741935483871","","","0.1574074074074074","","0.04281481481481482","9.23140573501587","0.024777091906721536","0.1574074074074074"
"legendary-sweep-22","","finished","Propaganda classification with BERT","","","2024-05-15T21:08:27.000Z","56","3ofmtlxo","64","","0.32557811008014403","0.08138991518814107","","","","","RMSprop","","","","","","","","","","","","","0.00989227907968118","71.9459597269694","40.97578430175781","0.0967741935483871","0.017077798861480076","0.009365244536940686","0.0967741935483871","0.0967741935483871","0.017077798861480076","0.009365244536940686","0.0967741935483871","","","0.1388888888888889","","0.03387533875338753","73.5466890335083","0.01929012345679013","0.1388888888888889"
"robust-sweep-105","","finished","Propaganda classification with BERT","","","2024-05-15T22:42:01.000Z","55","3ofmtlxo","64","","0.4748591716153656","0.04983399785400286","","","","","AdamW","","","","","","","","","","","","","0.008883994009008012","13.3777924038115","12.906925201416016","0.08602150537634409","0.013627169168529756","0.007399699387212395","0.08602150537634409","0.08602150537634409","0.013627169168529756","0.007399699387212395","0.08602150537634409","","","0.16203703703703703","","0.045189611922679646","19.13152503967285","0.02625600137174211","0.16203703703703703"
"winter-sweep-75","","finished","Propaganda classification with BERT","","","2024-05-15T22:08:06.000Z","58","3ofmtlxo","32","","0.18327141891000084","0.027788659795258415","","","","","SGD","","","","","","","","","","","","","0.007577553883236768","2.0861451218767866","2.0861289501190186","0.08602150537634409","0.013627169168529756","0.007399699387212395","0.08602150537634409","0.08602150537634409","0.013627169168529756","0.007399699387212395","0.08602150537634409","","","0.14351851851851852","","0.03602489128804918","2.0844717706952776","0.020597565157750342","0.14351851851851852"
"breezy-sweep-39","","finished","Propaganda classification with BERT","","","2024-05-15T21:27:08.000Z","64","3ofmtlxo","16","","0.4293083817289124","0.04892527656770628","","","","","RMSprop","","","","","","","","","","","","","0.0033595946748526777","48.667758352962544","37.66545486450195","0.08602150537634409","0.013627169168529756","0.007399699387212395","0.08602150537634409","0.08602150537634409","0.013627169168529756","0.007399699387212395","0.08602150537634409","","","0.14814814814814814","","0.03823178016726403","25.99066012246268","0.02194787379972565","0.14814814814814814"
"zany-sweep-72","","finished","Propaganda classification with BERT","","","2024-05-15T22:04:33.000Z","59","3ofmtlxo","16","","0.15441848737896532","0.015591874361577027","","","","","SGD","","","","","","","","","","","","","0.0031644858799884487","2.0870103983231534","1.9774105548858645","0.08602150537634409","0.013627169168529756","0.007399699387212395","0.08602150537634409","0.08602150537634409","0.013627169168529756","0.007399699387212395","0.08602150537634409","","","0.10185185185185185","","0.01882975412387177","2.1348055260522023","0.010373799725651577","0.10185185185185185"
"grateful-sweep-24","","finished","Propaganda classification with BERT","","","2024-05-15T21:10:32.000Z","55","3ofmtlxo","64","","0.1883309789771797","0.014042246354234565","","","","","RMSprop","","","","","","","","","","","","","0.007430714818641595","15.147491795676094","15.357270240783691","0.08602150537634409","0.013627169168529756","0.007399699387212395","0.08602150537634409","0.08602150537634409","0.013627169168529756","0.007399699387212395","0.08602150537634409","","","0.10185185185185185","","0.01882975412387177","17.43154239654541","0.010373799725651577","0.10185185185185185"
"vague-sweep-1","","finished","Propaganda classification with BERT","","","2024-05-15T20:44:13.000Z","66","3ofmtlxo","16","","0.33577152058549387","0.0649125380263358","","","","","AdamW","","","","","","","","","","","","","0.006359147143531331","20.535508826926904","23.379640579223633","0.08602150537634409","0.013627169168529756","0.007399699387212395","0.08602150537634409","0.08602150537634409","0.013627169168529756","0.007399699387212395","0.08602150537634409","","","0.10185185185185185","","0.01882975412387177","18.93578781400408","0.010373799725651577","0.10185185185185185"
"silvery-sweep-88","","finished","Propaganda classification with BERT","","","2024-05-15T22:22:37.000Z","59","3ofmtlxo","16","","0.42284789411159474","0.051892211874527194","","","","","SGD","","","","","","","","","","","","","0.0019281337002038236","2.085901581210855","2.087480068206787","0.08602150537634409","0.013627169168529756","0.007399699387212395","0.08602150537634409","0.08602150537634409","0.013627169168529756","0.007399699387212395","0.08602150537634409","","","0.10185185185185185","","0.01882975412387177","2.0885039567947388","0.010373799725651577","0.10185185185185185"
"mild-sweep-33","","finished","Propaganda classification with BERT","","","2024-05-15T21:20:17.000Z","56","3ofmtlxo","64","","0.16350682822606666","0.025767914349732704","","","","","AdamW","","","","","","","","","","","","","0.004898938994256618","3.5577171189444408","2.139216661453247","0.08602150537634409","0.013627169168529756","0.007399699387212395","0.08602150537634409","0.08602150537634409","0.013627169168529756","0.007399699387212395","0.08602150537634409","","","0.16203703703703703","","0.045189611922679646","3.882737636566162","0.02625600137174211","0.16203703703703703"
"wobbly-sweep-87","","finished","Propaganda classification with BERT","","","2024-05-15T22:21:29.000Z","60","3ofmtlxo","16","","0.3169358368080065","0.017771083850709368","","","","","SGD","","","","","","","","","","","","","0.007797829443759356","2.0880108497760914","2.0669140815734863","0.08602150537634409","0.013627169168529756","0.007399699387212395","0.08602150537634409","0.08602150537634409","0.013627169168529756","0.007399699387212395","0.08602150537634409","","","0.10185185185185185","","0.01882975412387177","2.0849051645823886","0.010373799725651577","0.10185185185185185"
"revived-sweep-6","","finished","Propaganda classification with BERT","","","2024-05-15T20:49:55.000Z","64","3ofmtlxo","16","","0.2786386991626614","0.01038827066208433","","","","","RMSprop","","","","","","","","","","","","","0.005998249632764112","10.719894485709109","8.846199035644531","0.07526881720430108","0.010537634408602153","0.005665394843334489","0.07526881720430108","0.07526881720430108","0.010537634408602153","0.005665394843334489","0.07526881720430108","","","0.10648148148148148","","0.02049434371610104","9.221549681254796","0.011338305898491084","0.10648148148148148"
"celestial-sweep-30","","finished","Propaganda classification with BERT","","","2024-05-15T21:17:06.000Z","55","3ofmtlxo","64","","0.17219037976293844","0.05040133273049415","","","","","RMSprop","","","","","","","","","","","","","0.00806269988470259","47.7549680074056","41.34034729003906","0.07526881720430108","0.010537634408602153","0.005665394843334489","0.07526881720430108","0.07526881720430108","0.010537634408602153","0.005665394843334489","0.07526881720430108","","","0.125","","0.027777777777777776","50.544060707092285","0.015625","0.125"
"glad-sweep-85","","finished","Propaganda classification with BERT","","","2024-05-15T22:19:25.000Z","55","3ofmtlxo","64","","0.4698137360609197","0.07891472243896894","","","","","AdamW","","","","","","","","","","","","","0.008093415875451596","36.92259779430571","28.390867233276367","0.07526881720430108","0.010537634408602153","0.005665394843334489","0.07526881720430108","0.07526881720430108","0.010537634408602153","0.005665394843334489","0.07526881720430108","","","0.16666666666666666","","0.047619047619047616","22.49693250656128","0.027777777777777776","0.16666666666666666"
"rose-sweep-86","","finished","Propaganda classification with BERT","","","2024-05-15T22:20:27.000Z","55","3ofmtlxo","64","","0.3052979621119132","0.02716924284013532","","","","","RMSprop","","","","","","","","","","","","","0.001160363066601685","30.87209974016462","49.36272811889648","0.07526881720430108","0.010537634408602153","0.005665394843334489","0.07526881720430108","0.07526881720430108","0.010537634408602153","0.005665394843334489","0.07526881720430108","","","0.10648148148148148","","0.02049434371610104","27.813427448272705","0.011338305898491084","0.10648148148148148"
"fancy-sweep-108","","finished","Propaganda classification with BERT","","","2024-05-15T22:45:07.000Z","55","3ofmtlxo","64","","0.10294669719795202","0.06662990002695737","","","","","RMSprop","","","","","","","","","","","","","0.003576899875731336","64.83931060064407","64.90125274658203","0.07526881720430108","0.010537634408602153","0.005665394843334489","0.07526881720430108","0.07526881720430108","0.010537634408602153","0.005665394843334489","0.07526881720430108","","","0.1527777777777778","","0.04049531459170014","92.82781410217284","0.023341049382716052","0.1527777777777778"
"warm-sweep-12","","finished","Propaganda classification with BERT","","","2024-05-15T20:56:56.000Z","59","3ofmtlxo","32","","0.2024207420976091","0.07948153061147212","","","","","RMSprop","","","","","","","","","","","","","0.008426145204669477","66.45559157394781","48.01448822021485","0.07526881720430108","0.010537634408602153","0.005665394843334489","0.07526881720430108","0.07526881720430108","0.010537634408602153","0.005665394843334489","0.07526881720430108","","","0.125","","0.027777777777777776","67.06073488507953","0.015625","0.125"
"wise-sweep-58","","finished","Propaganda classification with BERT","","","2024-05-15T21:48:49.000Z","59","3ofmtlxo","16","","0.3966831819517581","0.03963047084483912","","","","","SGD","","","","","","","","","","","","","0.005694414195467068","2.0850489639941556","2.086143732070923","0.07526881720430108","0.010537634408602153","0.005665394843334489","0.07526881720430108","0.07526881720430108","0.010537634408602153","0.005665394843334489","0.07526881720430108","","","0.125","","0.027777777777777776","2.0825069631849016","0.015625","0.125"
"treasured-sweep-90","","finished","Propaganda classification with BERT","","","2024-05-15T22:24:51.000Z","60","3ofmtlxo","16","","0.4479682104307553","0.0231867929305061","","","","","SGD","","","","","","","","","","","","","0.006103018235431965","2.0892759223043185","2.0618696212768555","0.07526881720430108","0.010537634408602153","0.005665394843334489","0.07526881720430108","0.07526881720430108","0.010537634408602153","0.005665394843334489","0.07526881720430108","","","0.12962962962962962","","0.029751062537947785","2.1084836295672824","0.01680384087791495","0.12962962962962962"
"fancy-sweep-53","","finished","Propaganda classification with BERT","","","2024-05-15T21:43:12.000Z","59","3ofmtlxo","16","","0.4462912148917282","0.030757358879277323","","","","","SGD","","","","","","","","","","","","","0.005303476896724389","2.0915910064438243","2.170480966567993","0.07526881720430108","0.010537634408602153","0.005665394843334489","0.07526881720430108","0.07526881720430108","0.010537634408602153","0.005665394843334489","0.07526881720430108","","","0.10648148148148148","","0.02049434371610104","2.0902564355305264","0.011338305898491084","0.10648148148148148"
"feasible-sweep-74","","finished","Propaganda classification with BERT","","","2024-05-15T22:06:53.000Z","68","3ofmtlxo","16","","0.10004061972052324","0.025744357023504257","","","","","AdamW","","","","","","","","","","","","","0.0011334932129361945","4.317904105892888","3.3925156593322754","0.06451612903225806","0.007820136852394917","0.004162330905306971","0.06451612903225806","0.06451612903225806","0.007820136852394917","0.004162330905306971","0.06451612903225806","","","0.1527777777777778","","0.04049531459170014","4.144637567656381","0.023341049382716052","0.1527777777777778"
"swept-sweep-23","","finished","Propaganda classification with BERT","","","2024-05-15T21:09:29.000Z","58","3ofmtlxo","64","","0.2502934323672317","0.08699061328472817","","","","","AdamW","","","","","","","","","","","","","0.008483839430373967","26.640145619710285","19.86526679992676","0.06451612903225806","0.007820136852394917","0.004162330905306971","0.06451612903225806","0.06451612903225806","0.007820136852394917","0.004162330905306971","0.06451612903225806","","","0.1111111111111111","","0.022222222222222227","21.12252902984619","0.012345679012345678","0.1111111111111111"
"peachy-sweep-47","","finished","Propaganda classification with BERT","","","2024-05-15T21:36:02.000Z","64","3ofmtlxo","16","","0.2049444949431327","0.013134489673637676","","","","","RMSprop","","","","","","","","","","","","","0.006569468195868644","12.775709735022652","10.10815715789795","0.06451612903225806","0.007820136852394917","0.004162330905306971","0.06451612903225806","0.06451612903225806","0.007820136852394917","0.004162330905306971","0.06451612903225806","","","0.1111111111111111","","0.022222222222222227","6.995905297143119","0.012345679012345678","0.1111111111111111"
"misty-sweep-65","","finished","Propaganda classification with BERT","","","2024-05-15T21:56:42.000Z","55","3ofmtlxo","64","","0.34982111499203605","0.08246792819473817","","","","","RMSprop","","","","","","","","","","","","","0.007447622188555884","86.22962116059803","136.19236755371094","0.06451612903225806","0.007820136852394917","0.004162330905306971","0.06451612903225806","0.06451612903225806","0.007820136852394917","0.004162330905306971","0.06451612903225806","","","0.1527777777777778","","0.04049531459170014","76.90018272399902","0.023341049382716052","0.1527777777777778"
"trim-sweep-3","","finished","Propaganda classification with BERT","","","2024-05-15T20:46:38.000Z","60","3ofmtlxo","16","","0.27708841570235854","0.04398882628277952","","","","","SGD","","","","","","","","","","","","","0.0029233083728876586","2.251535854221862","2.0993287563323975","0.053763440860215055","0.0054860653938994955","0.0028905075731298414","0.053763440860215055","0.053763440860215055","0.0054860653938994955","0.0028905075731298414","0.053763440860215055","","","0.13425925925925927","","0.031783824640967503","2.0811049597603932","0.018025548696844997","0.13425925925925927"
"decent-sweep-20","","finished","Propaganda classification with BERT","","","2024-05-15T21:06:06.000Z","59","3ofmtlxo","32","","0.36729712486235544","0.09509851642310618","","","","","RMSprop","","","","","","","","","","","","","0.00388503051514208","87.90469816254407","67.25615692138672","0.053763440860215055","0.0054860653938994955","0.0028905075731298414","0.053763440860215055","0.053763440860215055","0.0054860653938994955","0.0028905075731298414","0.053763440860215055","","","0.18518518518518515","","0.05787037037037037","65.89906038556781","0.034293552812071325","0.18518518518518515"